slug_lowercase  endodymn	exonym_en_001
ar-001	العربية Arabic
ar-eg	العربية - مصر	Arabic - Egypt
bn-001	বাংলা   Bengali
bn-bd	বাংলা - বাংলাদেশ	Bengali - Bangladesh
cy-001	Cymraeg	Cymraeg
cy-gb	Cymraeg - Great Britain	Cymraeg - Great Britain
de-de	Deutsch	German - Germany
en-001	English	English
en-gb	English - Great Britain	English - Great Britain
en-gb-oxendict	English - Great Britain - Oxford	English - Great Britain - Oxford
en-us	English - United States	English - United States
es-001	Español	Spanish
es-es	Español - España	Spanish - Spain
fr-001	Français	French
hi-001	हिन्दी	Hindi
hi-id	हिन्दी - भारत	Hindi - India
id-001	Bahasa Indonesia	Indonesian
ja-jp	日本語 - 日本	Japanese - Japan
ko-kr	한국어 - 대한민국	Korean - Korea
pt-001	Português	Portuguese
pt-pt	Português - Portugal	Portuguese - Portugal
ru-001	Русский	Russian
ru-ru	Русский - Россия	Russian - Russia
ur-001	اردو	Urdu
zh-001	中文	Chinese
zh-cn	中文	Chinese - China
